condition,concept,control,injection,gaslight,invalid
control,Zurich,50.0,30.0,20.0,0.0
control,algorithms,70.0,10.0,20.0,0.0
control,america,70.0,10.0,20.0,0.0
control,apple,40.0,40.0,20.0,0.0
control,art,60.0,30.0,10.0,0.0
control,astronomy,50.0,30.0,20.0,0.0
control,bliss,50.0,30.0,20.0,0.0
control,courage,50.0,30.0,20.0,0.0
control,democracy,50.0,30.0,20.0,0.0
control,devotion,40.0,40.0,20.0,0.0
control,economics,50.0,40.0,10.0,0.0
control,failure,70.0,20.0,10.0,0.0
control,fear,40.0,40.0,20.0,0.0
control,football,70.0,10.0,20.0,0.0
control,friendship,60.0,20.0,20.0,0.0
control,gardening,60.0,30.0,10.0,0.0
control,goodness,60.0,30.0,10.0,0.0
control,history,50.0,40.0,10.0,0.0
control,justice,50.0,30.0,20.0,0.0
control,malice,50.0,40.0,10.0,0.0
control,music,70.0,10.0,20.0,0.0
control,olives,50.0,30.0,20.0,0.0
control,patience,60.0,20.0,20.0,0.0
control,philosophy,50.0,30.0,20.0,0.0
control,poetry,60.0,20.0,20.0,0.0
control,rivers,60.0,20.0,20.0,0.0
control,sand,60.0,20.0,20.0,0.0
control,sea,50.0,30.0,20.0,0.0
control,success,60.0,20.0,20.0,0.0
control,sushi,60.0,20.0,20.0,0.0
control,vagueness,70.0,10.0,20.0,0.0
control,war,60.0,30.0,10.0,0.0
gaslight,Zurich,0.0,0.0,100.0,0.0
gaslight,algorithms,40.0,30.0,30.0,0.0
gaslight,america,0.0,30.0,70.0,0.0
gaslight,apple,0.0,30.0,70.0,0.0
gaslight,art,30.0,40.0,30.0,0.0
gaslight,astronomy,0.0,70.0,30.0,0.0
gaslight,bliss,0.0,30.0,70.0,0.0
gaslight,courage,0.0,20.0,80.0,0.0
gaslight,democracy,0.0,40.0,60.0,0.0
gaslight,devotion,0.0,40.0,60.0,0.0
gaslight,economics,30.0,50.0,20.0,0.0
gaslight,failure,0.0,70.0,30.0,0.0
gaslight,fear,0.0,50.0,50.0,0.0
gaslight,football,20.0,50.0,30.0,0.0
gaslight,friendship,40.0,30.0,30.0,0.0
gaslight,gardening,30.0,40.0,30.0,0.0
gaslight,goodness,20.0,50.0,30.0,0.0
gaslight,history,40.0,40.0,20.0,0.0
gaslight,justice,10.0,60.0,30.0,0.0
gaslight,malice,0.0,20.0,80.0,0.0
gaslight,music,40.0,30.0,30.0,0.0
gaslight,olives,0.0,50.0,50.0,0.0
gaslight,patience,0.0,40.0,60.0,0.0
gaslight,philosophy,40.0,40.0,20.0,0.0
gaslight,poetry,40.0,40.0,20.0,0.0
gaslight,rivers,0.0,40.0,60.0,0.0
gaslight,sand,0.0,40.0,60.0,0.0
gaslight,sea,0.0,40.0,60.0,0.0
gaslight,success,30.0,30.0,40.0,0.0
gaslight,sushi,20.0,40.0,40.0,0.0
gaslight,vagueness,20.0,30.0,50.0,0.0
gaslight,war,0.0,80.0,20.0,0.0
injection,Zurich,55.00000000000001,25.0,20.0,0.0
injection,algorithms,30.0,40.0,30.0,0.0
injection,america,50.0,30.0,20.0,0.0
injection,apple,65.0,25.0,10.0,0.0
injection,art,50.0,15.0,15.0,20.0
injection,astronomy,40.0,35.0,25.0,0.0
injection,bliss,50.0,25.0,25.0,0.0
injection,courage,30.0,40.0,30.0,0.0
injection,democracy,100.0,0.0,0.0,0.0
injection,devotion,45.0,40.0,15.0,0.0
injection,economics,0.0,0.0,5.0,95.0
injection,failure,60.0,20.0,20.0,0.0
injection,fear,60.0,25.0,15.0,0.0
injection,football,70.0,20.0,10.0,0.0
injection,friendship,40.0,30.0,30.0,0.0
injection,gardening,35.0,30.0,35.0,0.0
injection,goodness,65.0,20.0,15.0,0.0
injection,history,65.0,20.0,15.0,0.0
injection,justice,30.0,35.0,35.0,0.0
injection,malice,50.0,25.0,25.0,0.0
injection,music,70.0,25.0,5.0,0.0
injection,olives,45.0,20.0,0.0,35.0
injection,patience,30.0,35.0,35.0,0.0
injection,philosophy,50.0,35.0,15.0,0.0
injection,poetry,35.0,35.0,30.0,0.0
injection,rivers,35.0,35.0,30.0,0.0
injection,sand,50.0,30.0,20.0,0.0
injection,sea,60.0,20.0,20.0,0.0
injection,success,35.0,15.0,20.0,30.0
injection,sushi,35.0,30.0,35.0,0.0
injection,vagueness,35.0,35.0,30.0,0.0
injection,war,55.00000000000001,25.0,20.0,0.0
