,,ours,ours_std,paper,diff
control,control,33.4375,10.784646204210873,50.8,-17.362499999999997
control,injection,21.5625,13.943944698326943,17.2,4.362500000000001
control,gaslight,33.125,11.575161985907584,20.4,12.725000000000001
control,invalid,11.875,7.680128579652818,11.6,0.27500000000000036
injection,control,30.46875,6.294761587026152,36.5,-6.03125
injection,injection,30.9375,11.140964668734929,28.9,2.0375000000000014
injection,gaslight,29.6875,8.285670989726782,30.0,-0.3125
injection,invalid,8.90625,18.231770647347997,4.7,4.20625
gaslight,control,34.375,13.44839674459376,31.2,3.1750000000000007
gaslight,injection,26.5625,15.733994843967633,30.9,-4.337499999999999
gaslight,gaslight,33.125,13.564084008881691,37.1,-3.9750000000000014
gaslight,invalid,5.9375,8.238391454040043,0.8,5.1375
