condition,concept,control,injection,invalid
control,Zurich,58.333333333333336,33.33333333333333,8.333333333333332
control,algorithms,41.66666666666667,33.33333333333333,25.0
control,america,50.0,25.0,25.0
control,apple,75.0,16.666666666666664,8.333333333333332
control,art,66.66666666666666,33.33333333333333,0.0
control,astronomy,66.66666666666666,25.0,8.333333333333332
control,bliss,58.333333333333336,8.333333333333332,33.33333333333333
control,courage,58.333333333333336,25.0,16.666666666666664
control,democracy,66.66666666666666,33.33333333333333,0.0
control,devotion,66.66666666666666,8.333333333333332,25.0
control,economics,50.0,16.666666666666664,33.33333333333333
control,failure,50.0,25.0,25.0
control,fear,33.33333333333333,8.333333333333332,58.333333333333336
control,football,58.333333333333336,33.33333333333333,8.333333333333332
control,friendship,58.333333333333336,16.666666666666664,25.0
control,gardening,33.33333333333333,16.666666666666664,50.0
control,goodness,66.66666666666666,25.0,8.333333333333332
control,history,50.0,25.0,25.0
control,justice,50.0,41.66666666666667,8.333333333333332
control,malice,33.33333333333333,33.33333333333333,33.33333333333333
control,music,66.66666666666666,16.666666666666664,16.666666666666664
control,olives,58.333333333333336,8.333333333333332,33.33333333333333
control,patience,58.333333333333336,33.33333333333333,8.333333333333332
control,philosophy,75.0,16.666666666666664,8.333333333333332
control,poetry,50.0,16.666666666666664,33.33333333333333
control,rivers,33.33333333333333,33.33333333333333,33.33333333333333
control,sand,58.333333333333336,16.666666666666664,25.0
control,sea,50.0,25.0,25.0
control,success,58.333333333333336,25.0,16.666666666666664
control,sushi,58.333333333333336,25.0,16.666666666666664
control,vagueness,58.333333333333336,33.33333333333333,8.333333333333332
control,war,75.0,16.666666666666664,8.333333333333332
gaslight,Zurich,58.333333333333336,41.66666666666667,0.0
gaslight,algorithms,75.0,25.0,0.0
gaslight,america,100.0,0.0,0.0
gaslight,apple,100.0,0.0,0.0
gaslight,art,75.0,25.0,0.0
gaslight,astronomy,66.66666666666666,25.0,8.333333333333332
gaslight,bliss,75.0,25.0,0.0
gaslight,courage,75.0,25.0,0.0
gaslight,democracy,91.66666666666666,8.333333333333332,0.0
gaslight,devotion,83.33333333333334,16.666666666666664,0.0
gaslight,economics,91.66666666666666,8.333333333333332,0.0
gaslight,failure,50.0,50.0,0.0
gaslight,fear,75.0,25.0,0.0
gaslight,football,83.33333333333334,16.666666666666664,0.0
gaslight,friendship,75.0,25.0,0.0
gaslight,gardening,83.33333333333334,16.666666666666664,0.0
gaslight,goodness,100.0,0.0,0.0
gaslight,history,75.0,25.0,0.0
gaslight,justice,83.33333333333334,16.666666666666664,0.0
gaslight,malice,50.0,50.0,0.0
gaslight,music,58.333333333333336,33.33333333333333,8.333333333333332
gaslight,olives,91.66666666666666,8.333333333333332,0.0
gaslight,patience,91.66666666666666,8.333333333333332,0.0
gaslight,philosophy,50.0,8.333333333333332,41.66666666666667
gaslight,poetry,75.0,25.0,0.0
gaslight,rivers,100.0,0.0,0.0
gaslight,sand,91.66666666666666,8.333333333333332,0.0
gaslight,sea,75.0,25.0,0.0
gaslight,success,66.66666666666666,33.33333333333333,0.0
gaslight,sushi,83.33333333333334,16.666666666666664,0.0
gaslight,vagueness,66.66666666666666,33.33333333333333,0.0
gaslight,war,75.0,25.0,0.0
injection,Zurich,50.0,50.0,0.0
injection,algorithms,10.0,30.0,60.0
injection,america,50.0,50.0,0.0
injection,apple,50.0,5.0,45.0
injection,art,45.0,55.00000000000001,0.0
injection,astronomy,10.0,5.0,85.0
injection,bliss,50.0,50.0,0.0
injection,courage,100.0,0.0,0.0
injection,democracy,45.0,45.0,10.0
injection,devotion,20.0,80.0,0.0
injection,economics,55.00000000000001,45.0,0.0
injection,failure,100.0,0.0,0.0
injection,fear,50.0,50.0,0.0
injection,football,50.0,50.0,0.0
injection,friendship,35.0,35.0,30.0
injection,gardening,50.0,50.0,0.0
injection,goodness,25.0,10.0,65.0
injection,history,60.0,40.0,0.0
injection,justice,10.0,90.0,0.0
injection,malice,10.0,0.0,90.0
injection,music,50.0,45.0,5.0
injection,olives,65.0,20.0,15.0
injection,patience,55.00000000000001,45.0,0.0
injection,philosophy,50.0,50.0,0.0
injection,poetry,5.0,10.0,85.0
injection,rivers,30.0,50.0,20.0
injection,sand,60.0,40.0,0.0
injection,sea,75.0,25.0,0.0
injection,success,20.0,15.0,65.0
injection,sushi,25.0,35.0,40.0
injection,vagueness,50.0,50.0,0.0
injection,war,20.0,10.0,70.0
